{
  "config": {
    "nx": 400,
    "ny": 100,
    "reynolds": 2000,
    "u_inlet": 0.1,
    "turbulence_model": "smagorinsky",
    "cs_smag": 0.15,
    "effective_re_target": null,
    "geometry_type": "f1_wing_simple",
    "ride_height": 3,
    "geometry_scale": 1.0,
    "geometry_x_position": null,
    "angle_of_attack": 0.0,
    "ground_type": "no_slip",
    "total_steps": 4000,
    "output_interval": 50,
    "convergence_window": 500,
    "convergence_tolerance": 0.02,
    "save_flow_fields": false,
    "save_animation": false,
    "animation_interval": 50,
    "name": "rid3_rey2000",
    "description": ""
  },
  "mean_drag": -0.5534152084429914,
  "mean_lift": -0.10375410936771678,
  "mean_cd": -13.835380211074783,
  "mean_cl": -2.5938527341929194,
  "std_drag": 0.4207667679713688,
  "std_lift": 0.1071854270775879,
  "converged": false,
  "convergence_step": 0,
  "final_step": 4000,
  "max_velocity": 0.15066370188039896,
  "kinetic_energy": 210.17583975277876,
  "enstrophy": 0.43553579404178777,
  "wall_time_seconds": 95.3922917842865,
  "steps_per_second": 41.932109242592915,
  "timestamp": "2026-01-26T10:34:03.522696"
}