{
  "config": {
    "nx": 400,
    "ny": 100,
    "reynolds": 5000,
    "u_inlet": 0.08,
    "turbulence_model": "smagorinsky",
    "cs_smag": 0.15,
    "effective_re_target": null,
    "geometry_type": "f1_car_full",
    "ride_height": 8,
    "geometry_scale": 0.8,
    "geometry_x_position": null,
    "angle_of_attack": 0.0,
    "ground_type": "moving",
    "total_steps": 6000,
    "output_interval": 100,
    "convergence_window": 500,
    "convergence_tolerance": 0.02,
    "save_flow_fields": true,
    "save_animation": false,
    "animation_interval": 50,
    "name": "f1_full_car",
    "description": ""
  },
  "mean_drag": -3.8789023032861665,
  "mean_lift": 0.15482275353232067,
  "mean_cd": -33.67102693824798,
  "mean_cl": 1.3439475133013947,
  "std_drag": 2.451872834809704,
  "std_lift": 0.25977211603397576,
  "converged": false,
  "convergence_step": 0,
  "final_step": 6000,
  "max_velocity": 0.1267141729637758,
  "kinetic_energy": 85.73697482081289,
  "enstrophy": 0.4500169561537794,
  "wall_time_seconds": 151.92662072181702,
  "steps_per_second": 39.49274966752674,
  "timestamp": "2026-01-26T11:10:30.013919"
}