{
  "config": {
    "nx": 400,
    "ny": 100,
    "reynolds": 1000,
    "u_inlet": 0.1,
    "turbulence_model": "smagorinsky",
    "cs_smag": 0.15,
    "effective_re_target": null,
    "geometry_type": "f1_wing_simple",
    "ride_height": 7,
    "geometry_scale": 1.0,
    "geometry_x_position": null,
    "angle_of_attack": 0.0,
    "ground_type": "no_slip",
    "total_steps": 4000,
    "output_interval": 50,
    "convergence_window": 500,
    "convergence_tolerance": 0.02,
    "save_flow_fields": false,
    "save_animation": false,
    "animation_interval": 50,
    "name": "rid7_rey1000",
    "description": ""
  },
  "mean_drag": -0.7364230384478615,
  "mean_lift": -0.08645957656959136,
  "mean_cd": -18.410575961196532,
  "mean_cl": -2.1614894142397834,
  "std_drag": 0.34422333052561443,
  "std_lift": 0.07535464728108851,
  "converged": false,
  "convergence_step": 0,
  "final_step": 4000,
  "max_velocity": 0.1416867291836008,
  "kinetic_energy": 201.86385531399475,
  "enstrophy": 0.3885633232271642,
  "wall_time_seconds": 85.96658444404602,
  "steps_per_second": 46.529707163177136,
  "timestamp": "2026-01-26T10:43:18.734530"
}