{
  "config": {
    "nx": 400,
    "ny": 100,
    "reynolds": 500,
    "u_inlet": 0.1,
    "turbulence_model": "smagorinsky",
    "cs_smag": 0.15,
    "effective_re_target": null,
    "geometry_type": "f1_wing_simple",
    "ride_height": 15,
    "geometry_scale": 1.0,
    "geometry_x_position": null,
    "angle_of_attack": 0.0,
    "ground_type": "no_slip",
    "total_steps": 4000,
    "output_interval": 50,
    "convergence_window": 500,
    "convergence_tolerance": 0.02,
    "save_flow_fields": false,
    "save_animation": false,
    "animation_interval": 50,
    "name": "rid15_rey500",
    "description": ""
  },
  "mean_drag": -0.6410544477801273,
  "mean_lift": -0.08226818944358325,
  "mean_cd": -16.026361194503178,
  "mean_cl": -2.0567047360895803,
  "std_drag": 0.3192871627489839,
  "std_lift": 0.03862998282584895,
  "converged": false,
  "convergence_step": 0,
  "final_step": 4000,
  "max_velocity": 0.13979077521883268,
  "kinetic_energy": 186.18374513595268,
  "enstrophy": 0.3794709616642578,
  "wall_time_seconds": 84.36254620552063,
  "steps_per_second": 47.41440579869841,
  "timestamp": "2026-01-26T10:51:27.182288"
}