{
  "config": {
    "nx": 400,
    "ny": 100,
    "reynolds": 500,
    "u_inlet": 0.1,
    "turbulence_model": "smagorinsky",
    "cs_smag": 0.15,
    "effective_re_target": null,
    "geometry_type": "f1_wing_simple",
    "ride_height": 5,
    "geometry_scale": 1.0,
    "geometry_x_position": null,
    "angle_of_attack": 0.0,
    "ground_type": "no_slip",
    "total_steps": 4000,
    "output_interval": 50,
    "convergence_window": 500,
    "convergence_tolerance": 0.02,
    "save_flow_fields": false,
    "save_animation": false,
    "animation_interval": 50,
    "name": "rid5_rey500",
    "description": ""
  },
  "mean_drag": -0.4295288303030825,
  "mean_lift": -0.15264264086955234,
  "mean_cd": -10.73822075757706,
  "mean_cl": -3.816066021738808,
  "std_drag": 0.394423365909616,
  "std_lift": 0.04659719640984719,
  "converged": false,
  "convergence_step": 0,
  "final_step": 4000,
  "max_velocity": 0.13740212576962935,
  "kinetic_energy": 205.72671921735216,
  "enstrophy": 0.26904555749292586,
  "wall_time_seconds": 117.11060738563538,
  "steps_per_second": 34.15574463573856,
  "timestamp": "2026-01-26T10:36:05.984224"
}