{
  "config": {
    "nx": 400,
    "ny": 100,
    "reynolds": 2000,
    "u_inlet": 0.1,
    "turbulence_model": "smagorinsky",
    "cs_smag": 0.15,
    "effective_re_target": null,
    "geometry_type": "f1_wing_simple",
    "ride_height": 5,
    "geometry_scale": 1.0,
    "geometry_x_position": null,
    "angle_of_attack": 0.0,
    "ground_type": "no_slip",
    "total_steps": 4000,
    "output_interval": 50,
    "convergence_window": 500,
    "convergence_tolerance": 0.02,
    "save_flow_fields": false,
    "save_animation": false,
    "animation_interval": 50,
    "name": "rid5_rey2000",
    "description": ""
  },
  "mean_drag": -0.8310297546693345,
  "mean_lift": -0.07544787345014377,
  "mean_cd": -20.77574386673336,
  "mean_cl": -1.8861968362535932,
  "std_drag": 0.3620761032002568,
  "std_lift": 0.1069253414122708,
  "converged": false,
  "convergence_step": 0,
  "final_step": 4000,
  "max_velocity": 0.14590401491337013,
  "kinetic_energy": 206.6343749938589,
  "enstrophy": 0.44914006385772043,
  "wall_time_seconds": 105.70822596549988,
  "steps_per_second": 37.84000690074474,
  "timestamp": "2026-01-26T10:40:01.936051"
}