{
  "config": {
    "nx": 400,
    "ny": 100,
    "reynolds": 500,
    "u_inlet": 0.1,
    "turbulence_model": "smagorinsky",
    "cs_smag": 0.15,
    "effective_re_target": null,
    "geometry_type": "f1_wing_simple",
    "ride_height": 7,
    "geometry_scale": 1.0,
    "geometry_x_position": null,
    "angle_of_attack": 0.0,
    "ground_type": "no_slip",
    "total_steps": 4000,
    "output_interval": 50,
    "convergence_window": 500,
    "convergence_tolerance": 0.02,
    "save_flow_fields": false,
    "save_animation": false,
    "animation_interval": 50,
    "name": "rid7_rey500",
    "description": ""
  },
  "mean_drag": -0.5587619557312988,
  "mean_lift": -0.11481073145124751,
  "mean_cd": -13.969048893282471,
  "mean_cl": -2.8702682862811875,
  "std_drag": 0.3598266098675922,
  "std_lift": 0.04810575215017436,
  "converged": false,
  "convergence_step": 0,
  "final_step": 4000,
  "max_velocity": 0.14250747371086728,
  "kinetic_energy": 201.563678394095,
  "enstrophy": 0.28350993842816996,
  "wall_time_seconds": 97.68938088417053,
  "steps_per_second": 40.94610861279555,
  "timestamp": "2026-01-26T10:41:47.957941"
}