{
  "config": {
    "nx": 400,
    "ny": 100,
    "reynolds": 1000,
    "u_inlet": 0.1,
    "turbulence_model": "smagorinsky",
    "cs_smag": 0.15,
    "effective_re_target": null,
    "geometry_type": "f1_wing_simple",
    "ride_height": 15,
    "geometry_scale": 1.0,
    "geometry_x_position": null,
    "angle_of_attack": 0.0,
    "ground_type": "no_slip",
    "total_steps": 4000,
    "output_interval": 50,
    "convergence_window": 500,
    "convergence_tolerance": 0.02,
    "save_flow_fields": false,
    "save_animation": false,
    "animation_interval": 50,
    "name": "rid15_rey1000",
    "description": ""
  },
  "mean_drag": -0.72808609941671,
  "mean_lift": -0.06718075085368742,
  "mean_cd": -18.202152485417745,
  "mean_cl": -1.6795187713421853,
  "std_drag": 0.32535762475917956,
  "std_lift": 0.07786184128597544,
  "converged": false,
  "convergence_step": 0,
  "final_step": 4000,
  "max_velocity": 0.1614853243263443,
  "kinetic_energy": 191.86264394271083,
  "enstrophy": 0.5051955359963608,
  "wall_time_seconds": 87.82051682472229,
  "steps_per_second": 45.547443178721565,
  "timestamp": "2026-01-26T10:53:00.270306"
}