{
  "config": {
    "nx": 400,
    "ny": 100,
    "reynolds": 1000,
    "u_inlet": 0.1,
    "turbulence_model": "smagorinsky",
    "cs_smag": 0.15,
    "effective_re_target": null,
    "geometry_type": "f1_wing_simple",
    "ride_height": 3,
    "geometry_scale": 1.0,
    "geometry_x_position": null,
    "angle_of_attack": 0.0,
    "ground_type": "no_slip",
    "total_steps": 4000,
    "output_interval": 50,
    "convergence_window": 500,
    "convergence_tolerance": 0.02,
    "save_flow_fields": false,
    "save_animation": false,
    "animation_interval": 50,
    "name": "rid3_rey1000",
    "description": ""
  },
  "mean_drag": -0.3165144799256137,
  "mean_lift": -0.15600642205460785,
  "mean_cd": -7.9128619981403405,
  "mean_cl": -3.9001605513651953,
  "std_drag": 0.4297718567712493,
  "std_lift": 0.07040003428220465,
  "converged": false,
  "convergence_step": 0,
  "final_step": 4000,
  "max_velocity": 0.14194351830925334,
  "kinetic_energy": 208.81633868632267,
  "enstrophy": 0.3350450434139029,
  "wall_time_seconds": 101.48106217384338,
  "steps_per_second": 39.41622125660994,
  "timestamp": "2026-01-26T10:32:21.957309"
}