{
  "config": {
    "nx": 400,
    "ny": 100,
    "reynolds": 500,
    "u_inlet": 0.1,
    "turbulence_model": "smagorinsky",
    "cs_smag": 0.15,
    "effective_re_target": null,
    "geometry_type": "f1_wing_simple",
    "ride_height": 10,
    "geometry_scale": 1.0,
    "geometry_x_position": null,
    "angle_of_attack": 0.0,
    "ground_type": "no_slip",
    "total_steps": 4000,
    "output_interval": 50,
    "convergence_window": 500,
    "convergence_tolerance": 0.02,
    "save_flow_fields": false,
    "save_animation": false,
    "animation_interval": 50,
    "name": "rid10_rey500",
    "description": ""
  },
  "mean_drag": -0.636205672282143,
  "mean_lift": -0.09986922130523382,
  "mean_cd": -15.905141807053571,
  "mean_cl": -2.4967305326308447,
  "std_drag": 0.3333517861025575,
  "std_lift": 0.0435410760386373,
  "converged": false,
  "convergence_step": 0,
  "final_step": 4000,
  "max_velocity": 0.14317096944022886,
  "kinetic_energy": 193.20616521557142,
  "enstrophy": 0.3223857670825425,
  "wall_time_seconds": 98.56689214706421,
  "steps_per_second": 40.5815777779815,
  "timestamp": "2026-01-26T10:46:33.245712"
}