{
  "config": {
    "nx": 400,
    "ny": 100,
    "reynolds": 2000,
    "u_inlet": 0.1,
    "turbulence_model": "smagorinsky",
    "cs_smag": 0.15,
    "effective_re_target": null,
    "geometry_type": "f1_wing_simple",
    "ride_height": 15,
    "geometry_scale": 1.0,
    "geometry_x_position": null,
    "angle_of_attack": 0.0,
    "ground_type": "no_slip",
    "total_steps": 4000,
    "output_interval": 50,
    "convergence_window": 500,
    "convergence_tolerance": 0.02,
    "save_flow_fields": false,
    "save_animation": false,
    "animation_interval": 50,
    "name": "rid15_rey2000",
    "description": ""
  },
  "mean_drag": -0.8195340415401822,
  "mean_lift": -0.0793500702510794,
  "mean_cd": -20.488351038504547,
  "mean_cl": -1.9837517562769846,
  "std_drag": 0.3450218328340924,
  "std_lift": 0.13017098997470433,
  "converged": false,
  "convergence_step": 0,
  "final_step": 4000,
  "max_velocity": 0.1912840038361898,
  "kinetic_energy": 194.8660770612148,
  "enstrophy": 0.7141886770802863,
  "wall_time_seconds": 106.70360231399536,
  "steps_per_second": 37.48701930633279,
  "timestamp": "2026-01-26T10:54:51.599162"
}