{
  "config": {
    "nx": 500,
    "ny": 120,
    "reynolds": 10000000,
    "u_inlet": 0.08,
    "turbulence_model": "effective_re",
    "cs_smag": 0.1,
    "effective_re_target": 10000000,
    "geometry_type": "f1_car_full",
    "ride_height": 8,
    "geometry_scale": 0.7,
    "geometry_x_position": null,
    "angle_of_attack": 0.0,
    "ground_type": "moving",
    "total_steps": 8000,
    "output_interval": 100,
    "convergence_window": 500,
    "convergence_tolerance": 0.02,
    "save_flow_fields": true,
    "save_animation": false,
    "animation_interval": 50,
    "name": "f1_high_re_10M",
    "description": ""
  },
  "mean_drag": -1.4627126973267335,
  "mean_lift": 0.29310117188786766,
  "mean_cd": -14.74508767466465,
  "mean_cl": 2.954648910159956,
  "std_drag": 1.731300674541029,
  "std_lift": 0.4469165515432382,
  "converged": false,
  "convergence_step": 0,
  "final_step": 8000,
  "max_velocity": 0.08896966059109115,
  "kinetic_energy": 114.41671455785233,
  "enstrophy": 0.12929588863454888,
  "wall_time_seconds": 318.2565619945526,
  "steps_per_second": 25.136952243381963,
  "timestamp": "2026-01-26T11:16:19.672464"
}