{
  "config": {
    "nx": 400,
    "ny": 100,
    "reynolds": 2000,
    "u_inlet": 0.1,
    "turbulence_model": "smagorinsky",
    "cs_smag": 0.15,
    "effective_re_target": null,
    "geometry_type": "f1_wing_simple",
    "ride_height": 10,
    "geometry_scale": 1.0,
    "geometry_x_position": null,
    "angle_of_attack": 0.0,
    "ground_type": "no_slip",
    "total_steps": 4000,
    "output_interval": 50,
    "convergence_window": 500,
    "convergence_tolerance": 0.02,
    "save_flow_fields": false,
    "save_animation": false,
    "animation_interval": 50,
    "name": "rid10_rey2000",
    "description": ""
  },
  "mean_drag": -0.8849462522574614,
  "mean_lift": -0.10533467592360815,
  "mean_cd": -22.12365630643653,
  "mean_cl": -2.6333668980902027,
  "std_drag": 0.3462905105989545,
  "std_lift": 0.11679456180395348,
  "converged": false,
  "convergence_step": 0,
  "final_step": 4000,
  "max_velocity": 0.18595545532255484,
  "kinetic_energy": 199.48059691769822,
  "enstrophy": 0.6274025295385012,
  "wall_time_seconds": 97.65841293334961,
  "steps_per_second": 40.959092820092614,
  "timestamp": "2026-01-26T10:49:56.665200"
}