{
  "config": {
    "nx": 400,
    "ny": 100,
    "reynolds": 2000,
    "u_inlet": 0.1,
    "turbulence_model": "smagorinsky",
    "cs_smag": 0.15,
    "effective_re_target": null,
    "geometry_type": "f1_wing_simple",
    "ride_height": 7,
    "geometry_scale": 1.0,
    "geometry_x_position": null,
    "angle_of_attack": 0.0,
    "ground_type": "no_slip",
    "total_steps": 4000,
    "output_interval": 50,
    "convergence_window": 500,
    "convergence_tolerance": 0.02,
    "save_flow_fields": false,
    "save_animation": false,
    "animation_interval": 50,
    "name": "rid7_rey2000",
    "description": ""
  },
  "mean_drag": -0.9023088108977741,
  "mean_lift": -0.09542761658708712,
  "mean_cd": -22.55772027244435,
  "mean_cl": -2.3856904146771774,
  "std_drag": 0.34968799976513965,
  "std_lift": 0.1032549100912746,
  "converged": false,
  "convergence_step": 0,
  "final_step": 4000,
  "max_velocity": 0.15354249725656025,
  "kinetic_energy": 203.64364561866066,
  "enstrophy": 0.5220581580992085,
  "wall_time_seconds": 85.98745965957642,
  "steps_per_second": 46.51841112455193,
  "timestamp": "2026-01-26T10:44:49.645856"
}