{
  "config": {
    "nx": 400,
    "ny": 100,
    "reynolds": 1000,
    "u_inlet": 0.1,
    "turbulence_model": "smagorinsky",
    "cs_smag": 0.15,
    "effective_re_target": null,
    "geometry_type": "f1_wing_simple",
    "ride_height": 10,
    "geometry_scale": 1.0,
    "geometry_x_position": null,
    "angle_of_attack": 0.0,
    "ground_type": "no_slip",
    "total_steps": 4000,
    "output_interval": 50,
    "convergence_window": 500,
    "convergence_tolerance": 0.02,
    "save_flow_fields": false,
    "save_animation": false,
    "animation_interval": 50,
    "name": "rid10_rey1000",
    "description": ""
  },
  "mean_drag": -0.7612952417141272,
  "mean_lift": -0.07875831924484607,
  "mean_cd": -19.032381042853178,
  "mean_cl": -1.9689579811211513,
  "std_drag": 0.33116708951632434,
  "std_lift": 0.07181769986810238,
  "converged": false,
  "convergence_step": 0,
  "final_step": 4000,
  "max_velocity": 0.14044970181447025,
  "kinetic_energy": 197.580829568483,
  "enstrophy": 0.44988683346958286,
  "wall_time_seconds": 94.15393042564392,
  "steps_per_second": 42.483622106024725,
  "timestamp": "2026-01-26T10:48:13.950702"
}