{
  "config": {
    "nx": 400,
    "ny": 100,
    "reynolds": 500,
    "u_inlet": 0.1,
    "turbulence_model": "smagorinsky",
    "cs_smag": 0.15,
    "effective_re_target": null,
    "geometry_type": "f1_wing_simple",
    "ride_height": 3,
    "geometry_scale": 1.0,
    "geometry_x_position": null,
    "angle_of_attack": 0.0,
    "ground_type": "no_slip",
    "total_steps": 4000,
    "output_interval": 50,
    "convergence_window": 500,
    "convergence_tolerance": 0.02,
    "save_flow_fields": false,
    "save_animation": false,
    "animation_interval": 50,
    "name": "rid3_rey500",
    "description": ""
  },
  "mean_drag": -0.19687647258082028,
  "mean_lift": -0.16725798709837492,
  "mean_cd": -4.921911814520506,
  "mean_cl": -4.181449677459372,
  "std_drag": 0.40577134812962906,
  "std_lift": 0.05147483612755229,
  "converged": false,
  "convergence_step": 0,
  "final_step": 4000,
  "max_velocity": 0.13446554119907134,
  "kinetic_energy": 205.6396369734829,
  "enstrophy": 0.25459959226332857,
  "wall_time_seconds": 106.43829798698425,
  "steps_per_second": 37.580458121278284,
  "timestamp": "2026-01-26T10:30:33.304458"
}