{
  "config": {
    "nx": 400,
    "ny": 100,
    "reynolds": 1000,
    "u_inlet": 0.1,
    "turbulence_model": "smagorinsky",
    "cs_smag": 0.15,
    "effective_re_target": null,
    "geometry_type": "f1_wing_simple",
    "ride_height": 5,
    "geometry_scale": 1.0,
    "geometry_x_position": null,
    "angle_of_attack": 0.0,
    "ground_type": "no_slip",
    "total_steps": 4000,
    "output_interval": 50,
    "convergence_window": 500,
    "convergence_tolerance": 0.02,
    "save_flow_fields": false,
    "save_animation": false,
    "animation_interval": 50,
    "name": "rid5_rey1000",
    "description": ""
  },
  "mean_drag": -0.6360605922021292,
  "mean_lift": -0.0926927821982256,
  "mean_cd": -15.901514805053228,
  "mean_cl": -2.317319554955639,
  "std_drag": 0.37669513375007974,
  "std_lift": 0.08192241192981049,
  "converged": false,
  "convergence_step": 0,
  "final_step": 4000,
  "max_velocity": 0.14583667492116353,
  "kinetic_energy": 206.3110667994062,
  "enstrophy": 0.355628851435609,
  "wall_time_seconds": 115.9993405342102,
  "steps_per_second": 34.482954658008,
  "timestamp": "2026-01-26T10:38:08.371769"
}